epoch,step,train_loss
0,49,0.18092378973960876
0,99,0.6683879494667053
0,149,0.3256954550743103
0,199,1.1115057468414307
0,249,0.29936015605926514
