epoch,step,train_loss
0,49,0.15933434665203094
0,99,0.41733384132385254
0,149,0.4393945336341858
0,199,0.6774976253509521
0,249,0.15004533529281616
0,299,0.20600861310958862
0,349,0.40983521938323975
0,399,0.08641594648361206
0,449,0.1571604460477829
