{"train_loss":0.3444651961326599,"epoch":0,"trainer/global_step":2199,"_timestamp":1.733058257084278e+09,"_wandb":{"runtime":3094},"_runtime":3051.624976643,"_step":43}