epoch,step,train_loss
0,49,0.7936330437660217
0,99,0.8249303698539734
0,149,0.17758291959762573
